<osm-script output="xml" output-config="" timeout="60">
  {variables_query}
  <union into="_">
    <query into="_" type="relation">
      <has-kv k="admin_level" modv="" v="7"/>
      {area_query}
    </query>
  </union>
  <print e="" from="_" geometry="center" limit="" mode="body" n="" order="id" s="" w=""/>
  <!-- <print e="" from="_" geometry="skeleton" limit="" mode="body" n="" order="id" s="" w=""/> -->
  <!-- <recurse from="_" into="_" type="down"/> -->
  <!-- <print e="" from="_" geometry="skeleton" limit="" mode="skeleton" n="" order="quadtile" s="" w=""/> -->
</osm-script>
